Property ID,Title,Location (as listed),Latitude,Longitude,Exact spot checked by,Show exact pin publicly? (Y/N),Google Maps search for the area (starting point only)
AVX-000001,Premium 3 BHK Apartment for Sale in Sithalapakkam,"Sithalapakkam, Chennai",,,,,https://www.google.com/maps/search/?api=1&query=Sithalapakkam%2C%20Chennai
AVX-000002,Brand New 3 BHK Independent House for Sale,"Mappedu, Chennai",,,,,https://www.google.com/maps/search/?api=1&query=Mappedu%2C%20Chennai
AVX-000003,CMDA Approved Residential Plot,"Varadharajapuram, West Tambaram, Chennai",,,,,https://www.google.com/maps/search/?api=1&query=Varadharajapuram%2C%20West%20Tambaram%2C%20Chennai
AVX-000004,Premium 3 BHK Apartments for Sale in Old Pallavaram | Crown Leaf,"Old Pallavaram, Chennai",,,,,https://www.google.com/maps/search/?api=1&query=Old%20Pallavaram%2C%20Chennai
AVX-000005,Commercial for Rent,"Lakshmipuram, Chromepet",,,,,https://www.google.com/maps/search/?api=1&query=Lakshmipuram%2C%20Chromepet
AVX-000006,ECR Devaneri – Premium Residential Land for Sale,"ECR, Devaneri",,,,,https://www.google.com/maps/search/?api=1&query=ECR%2C%20Devaneri
AVX-000008,Build-to-Suit Land,"New Colony, Chromepet, Chennai",,,,,https://www.google.com/maps/search/?api=1&query=New%20Colony%2C%20Chromepet%2C%20Chennai
AVX-000010,4 BHK Sea View Apartment for Sale in Tower of Adyar,"Adyar, Chennai",,,,,https://www.google.com/maps/search/?api=1&query=Adyar%2C%20Chennai
AVX-000011,Independent House for Sale in Medavakkam Near Velachery Main Road,"Medavakkam,Chennai",,,,,https://www.google.com/maps/search/?api=1&query=Medavakkam%2CChennai
AVX-000012,13 Grounds Prime Land for Sale in Velachery – Ideal for Apartment Development,"Velachery, Chennai",,,,,https://www.google.com/maps/search/?api=1&query=Velachery%2C%20Chennai
AVX-000013,"TVH Quadrant, Adyar – 4 BHK Apartment for Resale","Adyar, Chennai",,,,,https://www.google.com/maps/search/?api=1&query=Adyar%2C%20Chennai
AVX-000014,"Velachery Land for Sale – 2,225 Sq.Ft with 68 Ft Frontage","Velachery, Chennai",,,,,https://www.google.com/maps/search/?api=1&query=Velachery%2C%20Chennai
AVX-000015,"Ranga Reddy Gardens, Neelankarai – 10,500 Sq.Ft CMDA Approved Land for Sale","Ranga Reddy Gardens, Neelankarai, Chennai",,,,,https://www.google.com/maps/search/?api=1&query=Ranga%20Reddy%20Gardens%2C%20Neelankarai%2C%20Chennai
AVX-000016,"Independent House for Sale in Tambaram East, Selaiyur","Tambaram East, Selaiyur, Chennai",,,,,https://www.google.com/maps/search/?api=1&query=Tambaram%20East%2C%20Selaiyur%2C%20Chennai
AVX-000017,"4.15 Acres Land for Sale on GST Road, Urapakkam",Urapakkam,,,,,https://www.google.com/maps/search/?api=1&query=Urapakkam
AVX-000018,38 Acres Land for Sale Near Thiruporur – Nellikuppam Road,"Nellikuppam Road, Near Thiruporur, Chennai",,,,,https://www.google.com/maps/search/?api=1&query=Nellikuppam%20Road%2C%20Near%20Thiruporur%2C%20Chennai
AVX-000019,South-East Corner Land for Sale in Guduvanchery – 100 Metres from GST Road,"Guduvanchery, Chennai",,,,,https://www.google.com/maps/search/?api=1&query=Guduvanchery%2C%20Chennai
AVX-000020,Premium Fully Furnished 3 BHK Individual Villa for Sale in Neelankarai,"ECR,Neelankarai, Chennai",,,,,https://www.google.com/maps/search/?api=1&query=ECR%2CNeelankarai%2C%20Chennai
AVX-000021,"Premium Property for Sale on Anna Salai, Maraimalai Nagar – 100 Ft Road","Anna Salai, Maraimalai Nagar – 100 Ft Road",,,,,https://www.google.com/maps/search/?api=1&query=Anna%20Salai%2C%20Maraimalai%20Nagar%20%E2%80%93%20100%20Ft%20Road
AVX-000025,"6 Premium Plots for Sale at G Square Province, Kundrathur | ₹6,000/Sq.Ft","Kundrathur, Chennai",,,,,https://www.google.com/maps/search/?api=1&query=Kundrathur%2C%20Chennai
AVX-000036,"Independent House for Sale in Poompuhar Nagar, Kolathur","Poompuhar Nagar, Kolathur, Chennai",,,,,https://www.google.com/maps/search/?api=1&query=Poompuhar%20Nagar%2C%20Kolathur%2C%20Chennai
AVX-000037,"Luxury 4 BHK Semi-Furnished Apartment for Sale at Tulive Ecstasea, ECR Muttukadu","Tulive Ecstasea, ECR, Muttukadu, Chennai",,,,,https://www.google.com/maps/search/?api=1&query=Tulive%20Ecstasea%2C%20ECR%2C%20Muttukadu%2C%20Chennai
AVX-000038,Prime Land for Sale in T Nagar – Near Joyalukkas Jewellery,"T Nagar, Chennai",,,,,https://www.google.com/maps/search/?api=1&query=T%20Nagar%2C%20Chennai
AVX-000040,"Plot for Sale in Parkhills 2, Ponmar","Ponmar, Chennai – 600130",,,,,https://www.google.com/maps/search/?api=1&query=Ponmar%2C%20Chennai%20%E2%80%93%20600130
AVX-000041,"2 & 3 BHK Flats for Sale in Madipakkam, Chennai","Kuberan Nagar Extension, Madipakkam, Chennai",,,,,https://www.google.com/maps/search/?api=1&query=Kuberan%20Nagar%20Extension%2C%20Madipakkam%2C%20Chennai
